 ,1910,1911,1912,1913,1914,1915,1916,1917,1918,1919,1920,1921,1922,1923,1924,1925,1926,1927,1928,1929,1930,1931,1932,1933,1934,1935,1936,1937,1938,1939,1940,1941,1942,1943,1944,1945,1946,1947,1948,1949,1950,1951,1952,1953,1954,1955,1956,1957,1958,1959,1960,1961,1962,1963,1964,1965,1966,1967,1968,1969,1970,1971,1972,1973,1974,1975,1976,1977,1978,1979,1980,1981,1982,1983,1984,1985,1986,1987,1988,1989,1990,1991,1992,1993,1994,1995,1996,1997,1998,1999,2000,2001,2002,2003,2004,2005,2006,2007,2008,2009,2010,2011,2012,2013,2014,2015,2016,2017,2018,2019,2020,2021
Jacob,126,124,111,117,115,119,126,132,132,140,144,148,153,162,164,166,181,176,202,212,216,236,225,221,221,254,239,226,248,280,239,289,260,302,301,317,324,318,312,326,346,327,305,292,319,320,337,350,359,344,370,370,408,380,358,367,385,377,343,306,254,223,160,123,87,75,63,57,50,45,44,43,41,36,37,35,31,31,28,26,20,17,15,9,7,4,3,2,2,1,1,1,1,1,1,1,1,1,1,1,1,1,1,2,4,4,7,9,13,13,15,24
Ethan,2,2,2,2,2,2,2,2,2,2,54667,66306,66306,66306,66306,66306,66306,66306,66306,66306,20391,20391,20391,20391,20391,20391,20391,20391,33984,33984,16170,33182,16226,4993,33331,33331,6704,7655,4797,4797,31364,33224,11336,6716,1913,4010,2186,3298,1854,1451,1288,1112,931,948,740,741,812,717,755,659,557,473,369,355,363,339,330,301,301,302,302,287,288,293,297,316,344,349,264,87,58,65,76,92,88,76,62,46,38,37,25,17,5,7,5,5,4,3,3,2,2,7,3,6,6,6,10,14,12,11,13,20
Michael,45,40,42,42,41,43,44,44,45,46,50,48,48,50,54,55,56,52,53,55,55,55,54,53,47,41,33,27,21,18,18,16,13,10,9,9,7,7,6,5,4,4,4,3,1,1,1,1,1,1,2,1,1,1,1,1,1,1,1,1,1,1,1,1,1,1,1,1,1,1,1,1,1,1,1,1,1,1,1,1,1,1,1,1,1,1,1,1,1,2,2,2,2,2,2,2,2,2,2,3,3,6,7,7,7,9,8,12,14,14,12,17
Jayden,4,4,4,4,4,4,4,4,4,4,4,4,4,4,4,4,4,4,4,4,4,4,4,4,4,4,4,4,4,4,4,4,4,4,4,4,4,4,4,4,4,4,4,4,4,4,4,4,4,4,4,4,4,4,4,4,4,4,4,4,4,4,4,4,4,4,4,4,4,4,4,4,4,4,4,4,4,4,4,4,56566,15278,32990,3856,1366,877,720,607,414,261,195,140,102,75,62,54,49,18,11,8,4,4,8,9,15,20,27,26,30,35,39,41
William,3,2,2,2,2,2,2,2,2,2,2,3,3,3,3,3,4,4,4,4,4,4,4,4,4,4,4,4,4,4,4,4,4,4,4,4,4,4,4,4,6,6,6,6,6,6,6,6,6,7,7,7,7,7,7,6,6,6,6,6,7,7,9,9,10,10,11,12,13,13,14,15,15,16,16,16,15,15,16,15,16,19,20,18,19,21,18,19,14,14,11,10,11,11,8,11,10,8,8,5,5,3,5,5,5,5,3,3,3,4,5,6
Alexander,101,97,98,100,100,102,99,98,104,112,118,117,128,133,130,139,147,148,155,156,171,180,180,193,206,190,210,200,200,194,191,191,194,186,185,183,191,196,184,182,192,190,188,197,206,213,217,219,229,241,242,227,223,220,216,193,186,181,159,151,138,134,130,116,113,104,107,98,98,95,92,70,65,63,54,50,41,37,34,32,28,26,23,21,22,22,22,22,22,21,20,20,15,16,15,13,12,11,6,4,6,8,9,8,8,8,11,13,11,10,10,13
Noah,358,449,437,404,392,459,390,438,418,380,410,419,461,393,418,467,407,419,539,438,462,473,503,446,565,466,574,594,551,565,547,588,552,605,546,653,755,646,627,662,641,621,744,648,856,833,835,776,792,792,870,883,841,934,807,850,750,755,739,564,500,403,422,364,344,324,350,292,281,250,246,182,153,174,196,221,229,240,234,222,234,227,221,205,162,102,50,38,29,24,27,28,31,31,29,23,15,14,15,9,7,5,4,1,1,1,1,2,2,2,2,2
Daniel,54,53,53,54,55,55,55,54,52,51,53,50,47,47,47,44,46,46,47,47,47,44,42,42,42,43,41,39,39,38,34,31,28,25,25,24,21,22,22,22,21,21,20,20,18,17,18,16,16,18,17,17,17,19,19,17,19,19,18,18,19,20,15,11,11,11,10,11,11,12,11,10,10,8,6,5,6,7,8,6,5,6,7,7,8,10,11,11,12,9,9,9,10,8,7,7,6,5,5,7,8,10,11,10,10,12,13,15,15,15,14,16
Aiden,9,9,9,9,9,9,9,9,9,9,9,9,9,9,9,9,9,9,9,9,9,9,9,9,9,9,9,9,9,9,9,9,9,9,9,9,9,9,9,9,9,9,9,9,9,9,9,9,9,9,9,9,9,9,9,9,9,9,9,9,9,9,9,9,9,9,9,9,9,9,9,9,9,9,9,9,9,9,9,9,165421,86430,38487,21687,2886,1690,1136,755,616,518,329,221,136,73,60,50,30,27,16,12,9,9,10,12,14,13,16,17,19,20,24,26
Anthony,37,36,38,38,37,36,38,38,39,41,43,41,39,39,40,39,42,43,44,44,45,47,45,46,53,53,48,47,46,48,46,46,44,44,46,46,44,41,41,36,36,34,34,32,32,31,30,27,27,26,25,25,24,22,21,22,22,21,21,20,22,23,22,21,21,21,22,21,20,21,24,23,22,22,22,20,19,17,18,16,15,18,19,19,18,20,19,18,19,18,17,11,12,10,11,8,9,7,7,11,10,11,15,19,21,25,30,33,39,38,42,43
Joshua,6936,1233,1627,622,773,672,975,685,743,640,710,761,934,715,864,911,1028,800,809,1669,1045,929,811,950,848,1087,877,945,1345,868,918,1010,763,886,818,822,801,688,748,572,698,618,602,646,623,526,548,541,528,491,512,452,494,464,445,371,361,326,280,198,152,79,59,42,29,26,18,14,12,9,7,6,7,5,4,4,4,4,4,4,4,4,4,4,4,5,5,5,4,4,4,4,3,3,3,3,3,4,4,6,11,14,17,21,25,33,35,38,41,48,54,58
Mason,12,6512,2277,2137,923,1077,657,1029,970,773,701,745,870,797,949,953,851,990,847,1319,2014,2053,1476,1137,1676,1638,3680,1732,1775,1613,1674,1949,1158,1620,1196,3666,1578,1435,1288,1890,1382,1431,1912,1908,5376,992,1896,7605,1550,2899,2418,1537,1385,1526,1441,1326,1820,1925,1303,962,772,938,1089,931,580,523,649,596,572,508,499,526,540,664,580,416,320,278,240,246,211,159,149,138,125,105,105,90,83,71,64,53,53,54,51,42,40,37,35,34,12,2,2,4,3,3,4,7,9,9,11,18
Christopher,451,462,362,390,383,389,373,404,401,414,396,380,382,374,381,392,394,369,414,401,392,433,412,430,380,379,373,346,347,318,248,223,202,194,171,164,151,126,102,81,72,61,57,63,64,49,47,43,39,35,29,26,26,26,23,18,12,9,9,7,6,6,2,2,3,3,3,3,3,2,2,2,2,2,2,2,2,2,2,2,2,2,2,2,2,3,4,4,5,6,5,5,8,9,10,10,8,6,9,10,13,20,23,26,30,32,36,39,43,44,48,52
Andrew,43,42,44,47,44,46,46,48,46,47,49,52,53,54,56,56,59,56,60,60,62,65,69,76,76,86,85,79,83,84,84,84,80,79,81,86,84,82,77,75,68,69,68,68,70,66,56,56,55,59,51,52,49,42,37,37,36,35,34,33,32,33,30,29,28,28,27,24,21,20,19,18,17,15,14,11,8,6,5,7,7,5,5,10,10,12,10,7,9,7,7,7,6,5,6,6,7,10,12,16,14,16,18,22,22,30,34,40,44,46,53,57
David,30,27,29,29,29,31,28,28,28,27,25,25,24,24,24,22,22,21,19,17,15,13,12,13,12,11,10,8,8,7,7,7,6,6,6,6,6,6,5,6,5,5,5,5,5,2,4,3,2,2,1,2,2,3,3,3,2,2,2,2,3,3,4,5,4,5,4,4,4,4,4,5,5,4,5,6,5,5,6,5,6,8,10,11,13,17,13,14,13,16,16,12,13,14,14,12,13,12,14,14,15,18,20,17,17,18,19,22,22,27,28,30
Matthew,166,164,160,150,156,155,152,153,148,154,155,166,161,165,174,175,190,184,189,191,208,221,188,208,205,200,214,204,208,209,203,202,199,208,197,206,198,203,192,177,176,164,142,131,125,105,90,83,60,64,61,59,56,50,43,36,34,28,24,24,24,19,10,10,9,9,9,9,6,6,6,3,3,3,3,3,3,3,3,3,3,3,3,3,3,2,2,3,3,3,3,3,4,4,4,4,5,9,10,13,16,12,12,15,16,15,15,16,20,23,30,36
Logan,17,17,1929,23558,1405,4076,1567,1036,1365,1706,1802,1341,2364,12551,1412,1030,2864,3878,4328,2430,6555,7322,1833,2006,2023,6100,4967,5077,3911,7828,2914,3185,3185,2750,4583,4480,4762,4156,3953,33057,27855,2040,31972,3271,2945,7022,4099,7745,6539,6054,7984,4299,5730,5730,2933,3678,4375,4375,4943,8587,8543,5025,13313,4001,2581,2600,1225,754,513,401,363,297,311,270,228,233,192,145,110,103,104,94,89,76,70,52,42,42,44,42,40,29,29,28,27,26,20,17,19,17,17,21,22,18,13,14,18,5,10,16,16,21
Elijah,263,303,347,370,362,380,392,384,388,329,379,394,345,354,388,375,360,351,381,370,401,453,381,404,430,416,391,413,454,402,439,410,423,449,441,431,447,442,487,461,437,503,442,476,484,516,613,583,612,677,665,634,663,785,710,879,757,752,830,835,698,654,708,635,534,565,541,371,333,310,283,284,283,310,327,303,297,306,277,261,252,224,207,170,133,95,81,75,66,60,52,45,41,37,31,31,29,30,22,21,18,13,13,11,11,11,9,8,7,5,4,4
James,2,3,3,3,3,3,3,3,3,3,4,4,4,4,4,4,3,3,3,2,2,2,2,2,2,2,2,2,2,2,1,1,1,1,1,1,1,1,1,1,1,1,1,2,3,3,2,2,3,3,3,4,4,4,4,4,3,3,4,3,2,2,3,4,5,4,5,5,5,5,5,7,6,6,7,7,7,8,9,9,8,7,9,14,14,18,17,17,18,19,18,19,18,18,17,17,16,15,17,18,19,17,14,13,9,7,5,4,4,6,6,5
Joseph,6,6,5,5,5,5,5,5,7,7,7,7,7,7,7,7,8,9,9,9,9,9,9,9,10,10,11,12,12,12,12,12,11,13,13,14,14,14,13,14,13,14,12,13,13,13,12,12,12,13,12,12,13,13,11,11,15,15,16,15,16,15,12,12,12,12,12,10,10,11,10,11,11,11,10,10,12,12,12,11,10,9,11,12,11,13,12,12,11,8,8,8,7,6,9,9,11,13,13,15,20,22,19,20,20,21,20,19,23,24,26,28
Gabriel,1557,580,685,560,511,492,479,489,514,495,513,476,582,475,446,505,524,406,391,413,436,469,475,431,589,514,439,524,520,575,488,460,538,525,532,542,577,503,515,480,480,469,484,469,472,430,447,441,442,401,417,350,349,354,325,326,344,302,281,251,207,172,140,132,119,106,81,88,90,90,86,87,88,90,87,92,95,99,103,110,100,82,86,86,68,66,61,57,54,53,44,38,32,29,32,28,28,28,24,22,21,24,24,24,24,23,25,31,36,37,38,38
Benjamin,71,64,68,71,71,71,79,76,78,79,84,83,83,87,89,93,98,101,106,108,115,116,117,118,117,124,127,120,128,126,129,128,131,135,129,143,148,144,141,134,123,123,122,129,133,133,131,139,154,152,157,146,140,145,132,133,132,119,102,91,82,69,64,56,46,36,32,29,34,33,33,32,33,32,30,31,30,28,30,29,33,33,33,33,31,32,29,29,30,29,26,27,27,24,25,25,24,26,25,19,22,19,16,14,12,10,6,6,6,7,7,7
Ryan,23,23,23,23,23,23,23,23,23,23,50702,24402,24402,24402,24402,24728,24728,24728,24728,24728,24728,24728,24728,24728,35537,35537,35537,35537,35537,35537,35537,35537,35537,35537,35537,27861,3406,1142,3360,1046,1354,1108,900,827,895,677,643,505,495,420,459,434,453,327,365,224,174,148,135,135,141,51,39,30,25,23,16,16,14,14,15,13,13,13,12,12,11,13,13,13,11,11,13,13,16,16,16,16,17,12,13,15,16,13,12,14,14,16,18,20,23,25,26,31,37,39,40,43,47,54,58,66
Samuel,32,30,30,36,36,39,41,42,43,43,44,45,43,45,45,46,48,49,52,54,54,56,56,61,66,63,67,66,63,63,65,65,60,62,62,61,70,72,70,62,62,67,67,70,71,71,74,82,86,88,92,89,88,88,86,84,83,69,66,64,62,65,66,67,60,61,59,61,57,55,55,54,56,54,55,54,52,50,45,47,45,39,40,37,33,34,30,27,28,27,28,26,25,23,23,21,25,25,27,24,24,26,25,25,23,22,21,21,21,22,25,23
Jackson,590,1681,925,679,485,476,499,448,479,443,462,444,477,401,457,446,449,512,420,475,458,498,581,505,504,578,569,578,585,546,553,536,551,484,568,620,545,586,626,695,639,669,741,855,1000,860,1000,905,956,1098,1048,1773,1411,1090,955,1123,1527,1222,1052,1554,1222,1185,1408,1074,1156,1051,895,735,754,636,590,558,609,630,683,595,592,542,510,461,335,241,228,201,169,163,137,125,100,83,72,59,50,52,48,44,35,33,32,27,25,23,21,16,18,17,17,20,17,17,17,14
John,1,1,1,1,1,1,1,1,1,1,1,1,1,1,2,2,2,2,2,3,3,3,3,3,3,3,3,3,3,3,3,3,3,3,3,3,3,3,3,3,3,3,3,4,4,5,5,5,5,4,4,3,3,2,2,2,4,4,3,4,4,4,5,6,6,7,6,6,7,7,8,8,8,9,8,9,10,11,11,12,12,10,14,16,15,14,15,15,15,15,14,14,17,17,18,18,19,19,20,26,26,27,28,27,26,26,28,27,26,28,27,27
Nathan,135,106,121,130,127,140,145,151,150,161,176,191,196,192,215,228,210,216,252,257,244,268,253,263,256,256,265,272,233,261,257,256,266,258,279,284,285,285,277,255,253,224,231,238,229,235,227,220,218,208,193,198,197,198,189,181,182,180,168,155,132,104,80,63,53,45,39,36,36,37,37,36,36,40,38,40,43,45,44,43,44,42,44,41,40,40,37,34,34,32,30,31,28,26,20,20,23,24,21,25,27,28,29,32,38,38,43,45,49,55,56,59
Jonathan,28,28,2586,2658,1594,1976,1173,1317,1847,1288,1016,1000,977,1276,1358,1023,1752,1245,1022,1488,1153,879,821,705,740,566,534,475,442,347,371,336,254,262,216,184,175,176,172,166,166,147,139,134,122,117,114,125,125,126,119,111,94,89,83,74,66,56,53,46,42,40,37,31,33,30,31,28,31,31,21,16,16,19,19,17,16,18,15,17,17,20,21,22,23,24,21,21,21,22,21,23,21,22,21,19,22,23,26,29,28,31,34,42,44,48,57,55,64,64,72,78
Christian,1028,853,554,643,567,512,647,572,599,741,699,767,637,832,756,1046,1049,888,811,968,892,1261,1274,1177,1124,1307,989,1219,1066,932,863,770,945,675,821,634,541,627,568,520,484,450,415,402,409,431,401,484,397,337,325,335,318,325,309,290,243,187,156,141,129,122,97,97,103,103,112,118,114,122,119,122,114,114,104,102,89,90,86,78,60,48,35,35,35,29,24,25,26,25,22,24,24,25,24,22,21,22,23,23,29,30,33,36,42,43,46,52,56,58,64,72
Liam,30,30,30,30,30,30,30,30,30,30,30,30,30,30,30,30,30,30,30,30,30,30,30,30,30,30,30,30,30,30,30,30,30,30,30,30,30,30,30,30,30,30,30,30,37865,7934,33468,7844,15992,5760,38889,5121,17226,1767,2665,1892,1764,1383,1687,1976,4571,1913,1823,1599,1852,1332,1811,1287,1235,1191,1303,1148,940,908,1023,1022,1010,1066,951,813,755,732,680,576,387,248,185,164,155,144,141,132,114,114,113,105,98,89,75,49,30,15,6,3,2,2,2,1,1,1,1,1
Dylan,31,31,31,31,31,31,31,31,31,31,31,31,31,31,31,31,31,31,31,31,31,31,31,31,31,31,31,31,31,31,31,31,31,31,31,31,31,31,31,31,31,31,31,31,31,31,31,31,35726,35726,14338,38509,38509,9580,6155,3496,2683,1608,1046,588,520,598,526,519,449,392,448,369,365,329,271,288,296,274,231,189,149,142,139,116,83,46,28,32,32,35,33,30,25,23,24,21,23,19,19,24,26,29,31,30,31,33,31,30,29,27,32,29,33,39,43,44
Caleb,34,34,34,34,34,34,15039,21774,58306,63554,5379,27765,4951,4951,32953,4642,66537,10731,27447,27447,27447,27447,49472,46841,5480,5480,41118,41118,41118,41118,41118,38123,38123,38123,38123,38123,38123,41036,41036,41036,6844,37404,37404,37404,37731,6112,33219,7624,3589,4947,4626,4153,4153,6035,2659,2659,2390,38037,5123,2409,1610,1347,1189,738,526,402,363,282,276,259,240,177,170,163,164,136,129,114,109,91,88,78,74,66,60,55,48,47,42,41,38,37,35,34,33,35,34,36,34,31,34,32,32,33,35,37,44,50,46,51,57,51
Landon,33,33,33,33,4091,4091,4458,4458,18851,4704,6919,3184,2169,3237,2901,50949,3957,5862,3553,7614,2281,2281,5837,15859,15859,2434,508,1367,4447,4344,4171,14474,4933,14896,4073,9072,9072,5798,2981,33471,7837,8248,5969,6464,7691,29828,8275,13972,4304,7200,6969,3543,4866,2073,2772,2908,2641,2792,2889,1141,1395,1233,1133,1723,966,699,682,623,527,440,457,383,346,343,348,340,324,345,325,329,343,295,284,262,261,244,219,206,207,199,200,198,143,97,86,61,50,49,45,36,33,34,35,40,43,46,54,57,62,63,70,73
Tyler,35,35,35,35,35,35,31170,31170,31170,31170,31170,31170,31170,31170,31170,40574,40574,40574,40574,40574,40574,40574,40574,40574,40574,40574,40574,40574,40574,8629,22785,22785,22785,22785,7584,11287,4227,6406,2931,1975,1909,13684,1714,1348,1036,1147,1048,1016,854,899,728,747,614,517,505,509,457,392,399,384,282,298,257,269,230,205,181,165,150,132,115,96,66,57,47,43,40,39,33,30,21,16,8,5,5,7,7,10,8,10,10,13,14,15,16,16,18,21,28,28,35,39,50,64,72,79,92,106,120,127,132,160
Lucas,36,36,36,36,36,36,36,30860,9633,9633,11043,19584,14399,7029,39355,18368,4623,32869,20538,7140,29792,29792,15098,25885,5746,6770,6770,6770,22659,6667,21875,22007,8828,9061,9061,10933,10933,5513,8114,8114,9871,13441,8335,12807,12807,4972,8005,9221,2934,1648,1954,1914,1198,1400,1432,1199,1947,1977,1312,1005,867,682,626,505,335,233,235,207,136,109,99,89,106,116,129,123,124,121,113,114,112,107,106,95,94,94,92,99,93,90,83,83,75,71,66,58,59,53,46,39,36,29,27,23,19,16,14,11,8,8,8,8
Evan,37,37,1341,755,1721,756,521,660,673,839,696,709,681,772,689,704,972,695,883,850,798,1147,1343,1028,804,1283,1347,782,855,733,879,837,613,755,787,718,646,615,757,701,578,532,465,504,504,441,451,504,482,432,412,382,392,408,333,345,342,367,393,353,357,353,347,334,314,315,262,227,198,173,161,142,108,94,98,91,81,83,74,69,71,70,66,62,62,61,65,61,63,57,55,56,56,44,39,38,42,40,38,35,37,41,47,56,58,67,69,84,86,96,107,116
Nicholas,152,127,114,114,103,106,109,113,113,125,125,118,126,124,123,134,134,141,145,145,148,156,166,168,170,162,165,167,165,160,156,153,144,155,151,154,145,143,143,139,125,121,127,132,135,142,149,155,157,158,155,159,155,156,161,152,141,129,121,124,125,123,100,86,80,80,77,51,25,15,17,21,21,21,20,19,17,16,14,14,14,12,12,8,9,8,6,6,6,5,6,6,9,12,13,15,17,20,29,32,38,43,49,55,57,62,64,68,75,78,89,93
Gavin,39,39,39,39,39,39,39,39,39,39,39,39,39,39,39,39,39,39,39,39,39,39,39,39,39,39,39,39,39,39,38817,38817,38817,38817,38817,38817,36237,18075,37842,37842,37842,37842,9061,3930,1627,2742,1980,5599,2126,2750,1203,1150,842,848,869,736,885,776,715,639,704,678,829,584,562,613,510,551,452,520,515,381,395,298,382,380,365,354,388,376,305,313,271,300,264,250,193,137,115,101,85,78,61,51,52,47,38,32,30,33,39,38,40,51,61,70,81,96,112,128,143,177
Isaac,132,145,171,180,187,204,192,198,200,180,194,215,209,205,203,216,237,206,250,224,241,284,248,243,245,253,272,271,262,262,251,281,300,299,274,299,303,295,317,282,295,301,301,307,304,329,332,354,346,352,392,372,388,391,369,402,382,410,402,374,354,297,261,243,228,212,204,186,168,155,152,152,150,154,160,165,155,151,145,138,132,129,124,110,103,100,86,73,65,64,53,47,48,48,46,49,48,41,37,40,40,35,30,29,31,31,31,32,35,34,40,40
Brayden,41,41,41,41,41,41,41,41,41,41,41,41,41,41,41,41,41,41,41,41,41,41,41,41,41,41,41,41,41,41,41,41,41,41,41,41,41,41,41,41,41,41,41,41,41,41,41,41,41,41,41,41,41,41,41,41,41,41,41,41,41,41,41,41,41,41,41,41,41,41,41,41,41,41,41,117140,7048,21338,5375,3260,2323,1676,1060,809,690,531,416,366,292,225,201,177,137,110,108,81,79,64,51,48,41,37,39,49,62,61,65,72,85,101,113,133
Luke,409,814,694,539,452,501,480,538,569,567,610,624,566,564,508,621,604,634,652,619,652,609,522,910,844,787,766,845,722,680,754,854,943,774,825,735,788,665,633,652,667,622,721,735,642,575,542,506,465,473,421,411,439,435,400,441,453,464,431,398,375,373,343,300,273,260,225,191,139,111,98,101,118,106,110,107,106,111,121,122,118,113,93,87,91,83,75,79,75,67,59,50,46,46,41,41,43,46,43,47,42,40,37,34,28,28,29,30,29,31,31,32
Angel,43,43,1994,1891,2201,3292,1095,1168,1494,1027,992,1128,960,1066,791,667,646,610,631,600,506,647,587,715,652,775,678,688,771,790,756,650,686,640,633,598,625,574,490,526,476,423,395,388,347,358,346,330,349,324,311,306,301,318,306,286,271,266,256,242,229,242,235,210,203,204,201,193,191,192,177,198,181,191,180,173,165,168,154,145,133,124,114,116,105,103,104,87,81,73,68,58,49,47,44,32,31,34,36,38,43,53,57,68,68,64,71,71,73,73,78,68
Isaiah,1124,1102,1149,802,1614,844,705,797,723,587,712,834,680,769,622,729,714,721,701,618,820,705,740,697,842,890,742,784,705,1134,663,669,885,816,924,677,731,701,646,682,729,706,745,976,776,870,1041,845,1140,1077,1103,1075,1246,1769,1897,1516,1545,3444,1521,2978,4809,1718,1758,1501,1264,982,791,662,587,580,496,432,370,362,342,341,346,280,249,232,208,212,218,207,173,111,71,62,59,51,47,43,45,49,45,45,39,43,42,41,44,44,42,45,48,49,47,46,52,53,52,56
Brandon,45,45,45,45,45,45,45,45,45,45,45,45,45,62112,62112,62112,62112,62112,62112,55957,55957,55957,55957,55957,55957,55957,55957,55957,55957,55957,55957,55957,55957,55957,55957,55957,55957,41891,37854,3512,3886,4015,1445,1035,744,1050,728,940,895,716,735,706,712,582,502,424,409,358,266,220,133,95,63,59,51,44,40,41,40,35,32,19,18,17,15,13,13,14,17,18,19,15,6,6,6,9,8,8,7,11,12,18,20,21,22,27,27,31,33,37,45,48,56,71,71,83,100,114,125,140,171,184
Jack,23,25,28,28,27,27,26,22,21,21,20,18,18,17,17,17,16,16,15,14,14,15,17,17,17,18,20,23,25,26,29,32,34,34,29,32,35,37,43,47,48,48,52,58,57,60,66,67,81,87,86,90,98,102,99,104,109,112,114,123,131,132,143,139,149,142,152,151,156,164,160,169,166,176,175,176,177,165,173,183,166,167,156,143,127,112,89,77,61,52,46,48,44,45,42,34,36,38,39,42,46,46,46,41,41,40,38,35,28,19,21,11
Jordan,47,47,47,2810,2229,1892,1892,2665,59981,65598,1817,1492,5548,2045,1324,954,1226,1780,1188,1322,1789,852,1914,944,1245,1289,1886,1733,2090,1502,3585,1639,2399,1444,1361,1939,1330,2128,1559,2206,1985,2377,2099,1201,1238,1138,1085,640,729,823,959,712,706,838,790,702,654,569,758,603,566,539,560,483,453,417,372,316,220,172,162,103,85,72,65,62,53,52,52,44,29,29,32,28,29,30,27,26,27,30,36,39,37,38,43,46,46,44,48,45,47,47,48,54,56,59,66,73,82,89,84,88
Owen,278,249,237,236,228,228,227,233,221,226,222,198,217,225,219,233,240,241,259,249,254,269,264,257,273,279,295,284,292,299,308,311,327,329,318,334,345,375,363,380,372,377,338,347,383,420,402,423,445,428,445,464,483,584,510,542,550,609,611,526,607,592,506,467,485,561,555,505,573,477,500,472,482,486,466,456,469,437,454,497,501,521,523,505,495,367,288,229,181,155,144,131,95,72,67,60,58,56,58,51,48,45,38,39,36,36,23,28,25,21,22,22
Carter,49,49,1745,21462,1036,1320,1061,1019,1142,867,1012,1921,1234,1669,877,1223,1371,1397,1856,1775,2928,1334,2730,1413,1039,1107,1111,1153,777,1508,1937,1089,1270,811,765,722,682,661,732,634,676,633,803,699,657,780,674,952,799,870,867,969,955,858,897,1019,1109,858,935,880,839,815,916,1223,1097,919,916,1574,4343,5301,1777,1796,1311,1765,1139,895,935,789,686,653,674,549,480,451,459,296,249,207,189,182,153,111,108,102,89,78,75,80,65,50,49,42,36,35,27,24,26,24,24,30,33,39
Connor,50,50,50,50,50,50,50,50,50,50,50,50,50,50,50,50,50,50,50,50,50,50,50,50,50,50,50,50,50,50,50,50,50,50,50,50,50,50,50,50,50,50,50,50,50,50,50,50,50,50,50,50,50,50,50,50,50,50,50,50,50,50,50,50,50,50,50,50,4197,8397,2596,1834,2083,1103,1056,913,627,372,304,271,228,133,80,57,59,56,54,52,47,48,50,49,47,43,38,48,53,55,57,52,50,55,59,57,52,55,55,56,58,68,80,96
Justin,3975,3975,931,1434,934,1046,795,727,802,644,1167,793,734,1103,619,948,912,690,834,1172,995,1443,1932,1056,5423,2047,3322,4042,1609,1131,1217,1135,1087,1127,1154,884,737,771,827,646,851,879,711,815,596,537,494,493,513,458,499,373,368,370,371,373,356,304,214,167,140,103,60,49,43,37,33,30,28,22,13,12,12,12,13,15,14,9,7,8,9,14,18,20,20,19,20,20,20,20,19,22,22,27,30,36,45,45,44,46,51,60,74,86,96,109,113,128,142,155,170,182
Jeremiah,958,2258,873,664,791,1184,997,882,846,767,807,812,796,995,842,787,809,672,877,794,684,888,792,807,699,835,815,889,781,890,762,776,713,786,1033,785,795,761,716,586,628,686,678,824,672,711,709,698,784,777,792,845,856,842,889,1050,806,944,837,773,663,532,495,262,178,148,92,70,81,82,77,77,89,100,102,112,118,130,138,146,154,155,163,167,161,165,166,130,114,107,103,91,86,90,77,79,70,67,68,65,52,51,52,59,55,54,59,63,66,69,77,85
Jose,119,131,166,161,162,176,179,160,160,145,131,138,137,131,129,126,126,113,111,109,116,131,134,141,134,136,143,146,142,152,150,156,151,158,142,139,133,138,129,121,113,115,115,111,107,106,108,110,119,116,108,108,103,99,96,90,82,65,58,57,56,55,50,52,47,48,45,45,44,44,47,46,46,48,49,49,51,48,49,46,41,37,37,36,36,36,32,32,33,35,34,34,30,30,28,30,32,35,40,43,53,66,72,77,76,81,78,81,90,92,96,89
Julian,269,231,217,195,207,201,191,188,184,188,197,188,189,204,200,198,203,217,221,228,224,246,226,252,262,242,273,275,272,263,244,265,264,265,297,302,298,313,319,306,322,333,324,322,334,356,365,367,375,391,389,361,399,387,364,372,373,381,379,361,324,320,310,276,293,268,278,272,300,320,287,259,235,249,240,177,173,189,171,139,123,122,136,137,141,135,130,132,124,112,87,82,78,77,74,75,65,66,61,62,54,50,53,48,47,45,39,37,37,32,34,33
Robert,4,5,4,4,4,4,4,4,4,4,3,2,2,2,1,1,1,1,1,1,1,1,1,1,1,1,1,1,1,1,2,2,2,2,2,2,2,2,2,2,2,2,2,1,2,4,3,4,4,5,5,5,5,5,5,5,5,5,5,5,5,5,6,7,7,6,7,7,8,8,9,9,9,10,9,8,9,10,10,10,13,13,17,17,21,23,23,23,23,26,29,30,34,35,36,37,47,47,49,55,55,63,60,63,60,63,63,65,72,76,82,79
Aaron,211,190,214,172,190,205,197,200,205,201,207,203,208,219,210,223,228,244,245,277,260,276,245,249,243,264,269,269,255,259,242,236,248,276,276,288,275,261,249,231,233,225,218,224,227,218,211,203,203,194,177,167,160,161,139,129,120,106,90,61,52,41,40,34,32,32,30,32,32,32,35,30,30,29,29,33,33,34,31,31,34,31,30,30,28,31,34,33,37,38,41,42,43,50,53,57,57,51,50,54,56,52,51,52,50,52,49,47,61,61,63,65
Adrian,1659,723,433,396,442,430,400,379,338,379,402,390,413,316,346,407,389,483,473,477,530,472,452,468,535,440,442,442,406,421,427,416,469,500,458,468,436,474,447,429,440,398,385,359,403,368,371,377,395,377,349,325,296,330,286,276,277,258,237,229,204,178,164,156,140,133,126,122,112,114,116,116,117,108,107,93,99,103,102,100,95,93,96,99,98,99,93,96,71,79,78,75,73,68,72,65,63,61,56,59,57,57,61,61,59,58,61,58,63,56,60,61
Wyatt,58,58,2850,2850,2568,15247,2933,6909,2241,1021,3883,8968,3699,4039,2526,3465,9293,4425,2195,16501,3165,11842,11573,11573,25713,6965,5639,4242,24672,3259,4573,6018,4699,8056,2564,11707,12744,2918,9995,27211,5067,4117,4985,3221,2879,1288,568,525,732,1050,1164,2545,2488,6960,2280,2046,21019,21019,2178,1484,1306,1062,1011,1038,1142,827,868,949,785,826,679,672,773,787,746,780,626,521,529,460,439,432,380,382,201,129,134,138,137,133,111,107,121,109,90,82,82,69,62,60,58,49,41,43,39,34,33,25,27,29,29,29
Hunter,59,59,2307,1909,1680,1792,3789,1644,1760,2350,2243,2531,3083,2256,2188,4062,1755,3892,2419,1684,1684,2280,1809,4616,5864,4013,33269,8030,7161,6928,4708,4708,4921,5764,3750,6151,2440,1879,3969,3683,4176,4711,2585,7728,2061,3295,3029,1945,4293,2146,1476,1688,1409,1567,1736,1465,8494,1534,1296,1265,1254,1182,1335,1371,1299,1416,1013,984,1041,798,654,590,536,502,414,356,319,279,248,228,224,169,135,97,67,54,47,44,36,36,35,36,38,41,49,53,54,57,54,56,59,56,45,37,40,41,45,53,57,66,71,86
Kevin,60,60,60,60,60,60,60,60,13546,13546,11213,1109,1697,2321,2862,1284,3519,1281,1452,1070,1027,662,640,577,571,529,527,494,388,362,334,306,265,242,238,217,183,162,127,95,73,53,43,36,28,27,22,20,20,14,15,14,14,11,13,13,17,17,17,16,14,14,13,14,14,15,15,13,15,19,23,25,25,25,24,23,21,19,19,19,23,23,25,25,26,26,26,28,32,34,32,32,33,32,34,33,37,39,41,44,60,68,69,73,70,80,91,102,126,149,160,185
Cameron,61,9707,9707,9707,9707,9707,4976,45949,45949,22161,1532,2096,5395,5238,4812,12359,3968,48268,48268,45895,9628,9628,9628,9628,9628,38832,15702,15702,15702,14824,14824,31142,7994,3873,3309,9180,2459,1783,2270,1324,1866,1078,1158,904,729,681,603,552,530,598,558,516,395,470,495,484,488,466,409,381,387,392,344,350,300,210,207,220,205,216,218,192,175,180,165,154,134,96,69,64,62,62,53,54,52,50,49,45,35,33,31,35,39,40,50,52,52,50,53,58,61,54,54,60,53,56,58,62,69,67,66,62
Zachary,62,62,62,20318,29791,29791,29791,29791,29791,29791,29791,16798,16798,16798,58255,58255,11754,11754,15980,52645,52645,43476,47477,17905,39992,42874,42874,40366,40366,40366,16485,10525,16835,38803,38803,14677,3259,1701,1189,1185,721,674,648,725,600,500,511,500,576,546,494,450,481,486,487,474,476,427,452,419,365,299,225,201,181,145,96,96,89,74,73,63,55,50,45,39,38,33,29,25,22,22,16,15,12,15,14,13,16,17,15,16,19,20,26,29,33,42,47,53,62,65,67,74,82,88,90,103,109,124,137,146
Thomas,12,10,10,10,11,10,10,10,10,10,11,11,11,12,11,11,11,11,11,11,11,10,10,10,9,9,8,9,9,9,8,8,8,8,8,8,8,8,8,8,8,8,8,8,8,8,9,9,9,9,9,9,9,9,9,9,10,12,12,13,17,17,20,19,20,20,23,22,23,26,25,26,23,24,25,25,26,24,23,23,26,28,27,27,27,28,28,31,31,31,33,33,36,36,37,40,51,52,52,57,63,64,63,62,54,51,48,49,50,47,46,46
Charles,7,7,7,7,7,7,6,7,5,5,5,5,5,5,5,5,5,5,5,5,6,6,6,6,7,6,6,6,6,6,6,6,7,7,7,7,9,9,9,9,9,9,9,9,10,11,11,11,11,11,13,13,15,16,17,20,20,20,20,19,21,22,23,23,23,25,26,26,27,28,29,31,31,33,33,34,34,35,37,36,38,38,43,44,43,45,43,49,48,50,51,55,58,57,56,56,60,62,63,64,64,62,62,58,51,50,52,48,54,52,47,50
Austin,316,418,278,240,258,253,246,263,257,265,263,280,291,283,295,291,287,284,297,310,302,327,360,333,376,429,384,385,460,478,395,444,399,385,455,426,443,499,503,665,493,454,570,560,544,572,589,569,661,710,697,642,674,653,621,635,681,630,639,710,613,574,609,555,512,408,353,291,234,239,215,173,155,135,117,108,90,76,63,59,55,50,38,26,17,11,9,9,10,13,23,25,26,33,35,39,41,48,55,63,65,61,58,65,66,69,74,75,81,88,92,97
Eli,656,585,381,406,365,381,351,436,383,423,433,399,433,425,432,389,380,468,505,524,524,566,506,562,562,551,603,635,831,925,755,660,729,1023,860,719,1208,797,782,1020,842,730,880,870,877,1086,791,918,966,928,886,808,900,874,919,942,979,959,798,972,648,559,559,478,436,497,469,388,392,386,358,348,388,376,388,363,351,400,395,383,382,363,351,314,316,317,307,320,299,283,230,217,194,192,159,153,136,130,99,90,66,59,43,44,49,53,53,54,59,62,61,64
Chase,67,67,67,67,67,67,67,67,67,67,67,67,67,67,67,67,67,67,67,67,67,67,67,67,67,67,67,67,67,67,67,67,67,67,67,67,67,67,67,67,67,67,67,67,67,67,67,67,67,67,67,67,67,67,67,67,67,67,16928,16928,3206,3066,1892,1241,1163,1122,1323,1314,1164,894,963,876,250,152,133,132,142,138,129,115,110,108,115,115,114,98,76,78,67,76,77,79,82,87,82,83,83,79,67,61,67,70,77,79,78,74,87,94,114,121,125,125
Henry,10,11,12,12,12,14,14,15,16,16,17,17,17,18,18,18,19,19,21,21,22,22,23,24,27,27,28,30,30,31,31,28,31,31,35,37,41,46,45,46,47,47,50,54,59,61,71,75,84,85,85,91,92,94,92,93,94,93,98,100,105,112,119,112,116,123,124,128,128,141,136,127,134,140,135,138,140,136,142,142,138,142,142,135,145,138,140,140,136,131,127,120,116,115,110,103,95,91,78,71,68,58,44,38,33,29,22,18,16,12,9,9
Sebastian,69,1449,1061,811,800,675,589,640,749,627,649,687,749,707,657,805,642,716,659,726,784,811,895,1097,1067,1071,1048,1566,993,1247,1813,1311,1033,1647,2531,1475,2004,1511,1080,2305,2275,2263,1520,1610,1796,2046,4255,3028,1714,3102,1229,926,725,997,881,905,1018,912,872,944,807,718,801,904,1015,1000,1043,1302,1038,1143,856,780,707,742,680,604,638,534,492,444,340,268,237,231,228,210,197,192,203,156,81,81,80,93,96,87,76,73,74,70,69,69,64,47,34,35,24,23,18,18,19,19
Jason,70,70,7438,5780,1726,1369,1292,930,1198,1754,2374,1477,1261,1106,1254,1033,1170,1770,1225,963,958,2044,1159,1673,1511,1316,1066,1723,949,1878,1406,3082,1001,772,979,950,847,889,609,551,631,589,560,486,470,389,375,393,320,298,270,243,212,200,157,111,91,54,47,25,13,8,7,3,2,2,2,2,2,3,3,4,4,7,11,14,18,23,27,35,46,49,46,45,46,42,41,41,40,40,39,41,42,42,47,51,55,59,60,66,70,72,76,80,75,85,86,92,101,104,121,130
Levi,466,471,472,487,424,422,416,487,451,365,428,414,448,471,456,464,404,414,527,466,527,470,455,517,471,538,559,546,473,517,554,554,617,535,552,509,594,598,558,582,585,530,541,549,580,571,627,681,679,698,729,781,720,861,775,1323,779,903,899,1034,1141,804,693,709,547,423,428,387,336,244,231,185,214,239,221,211,209,195,177,172,180,183,168,161,160,156,164,157,157,172,173,173,165,167,156,142,133,133,116,85,71,67,55,50,45,42,42,36,34,25,18,12
Xavier,72,72,72,72,72,20167,15105,15105,15105,15105,15105,15105,15105,15105,15105,15105,15105,15105,27558,54722,53021,53021,53021,18949,18949,18949,11669,9439,16758,3427,7692,5827,3544,5136,3930,2323,3934,1921,1383,1613,1418,1245,1115,916,901,893,1281,855,1168,885,887,688,759,729,686,779,609,693,562,600,654,551,546,520,511,496,551,461,465,573,516,492,449,400,372,333,285,252,218,213,188,179,148,141,139,149,142,142,132,115,104,93,89,85,88,88,78,68,71,68,72,77,80,84,88,90,89,89,89,91,93,100
Ian,73,73,73,73,73,24654,24654,24654,24654,24654,24654,24654,24654,33603,22803,13291,8000,31528,5142,4746,2309,8168,4476,12852,9374,2976,3980,2577,1991,1224,2135,1322,1137,1770,1252,1603,939,904,1154,992,820,1075,827,683,711,699,654,630,619,636,597,592,548,488,408,369,322,276,286,259,223,204,194,184,148,143,136,117,117,108,105,102,83,77,78,78,85,80,76,68,70,72,68,70,74,68,70,71,73,72,73,70,66,65,69,69,80,75,80,73,73,73,78,81,77,76,79,76,79,81,85,81
Colton,74,74,74,74,74,74,74,74,74,74,74,74,74,74,74,74,74,74,74,74,74,74,74,74,74,74,74,74,74,74,74,74,74,74,74,74,74,74,74,74,74,74,74,74,74,74,74,74,74,74,74,74,74,74,74,74,74,74,41351,41351,41351,41351,41351,24965,24965,10823,10823,10823,83788,14559,101120,24117,1429,1253,1268,989,753,573,281,160,139,143,132,126,121,107,106,109,106,109,112,118,129,135,137,155,135,119,98,93,74,75,65,66,65,60,70,70,70,59,67,74
Dominic,455,237,264,246,226,238,217,228,235,230,244,249,271,236,271,258,272,286,299,294,301,314,326,340,398,333,349,369,382,389,392,400,377,393,437,423,417,458,430,414,418,395,449,377,406,392,400,408,391,410,415,397,440,376,344,366,379,349,346,321,330,340,340,307,301,297,274,216,221,231,237,238,225,222,198,194,188,201,201,204,192,164,138,133,128,139,136,129,120,118,119,106,83,81,91,86,85,85,93,81,75,78,70,69,69,68,73,74,76,85,91,99
Cooper,76,76,19974,19974,19974,19974,19974,19974,59951,25154,25154,25154,27016,27016,27016,27016,27016,27016,27016,27016,27016,46305,46305,46305,46305,46305,46305,46305,46305,46305,46305,46305,46305,46305,46305,46305,36313,36313,36313,36313,36313,36313,36313,36313,36313,36313,36313,36313,36313,36313,36313,36313,36313,36313,36313,36313,36313,36313,36313,36313,36313,36313,36313,36313,67302,67302,67302,87777,87777,35012,24055,10021,3129,7187,1870,1722,2393,1486,1372,1075,1025,762,611,540,467,393,374,322,258,268,243,204,199,166,135,122,113,96,92,84,76,83,83,85,86,77,80,88,84,80,76,67
Juan,189,191,251,241,252,263,281,259,270,235,219,238,224,214,197,203,216,195,171,169,168,189,203,197,199,204,218,217,201,206,201,211,219,206,183,171,174,174,164,147,135,145,153,153,158,165,173,170,167,166,165,161,154,150,150,140,133,122,118,105,96,81,73,68,64,60,58,65,62,61,60,60,61,62,64,65,65,66,68,63,61,60,56,55,51,51,52,54,52,46,48,54,54,55,54,55,61,63,66,67,77,91,93,101,102,115,124,138,140,138,147,168
Josiah,78,78,4658,13002,13002,13495,3633,6615,6615,11864,28619,13199,13199,28613,35683,35683,35683,35683,17525,17525,15722,15722,13760,13760,13760,13760,13760,13760,13760,13760,13760,13760,13760,13760,13760,13760,13760,13760,13760,8900,8900,8900,8900,8900,8900,8900,8900,8900,16845,18260,18260,18260,18260,18260,18260,18260,18260,18260,18260,21888,13207,13207,9470,10308,5630,2193,1274,1008,873,740,610,556,503,451,410,390,399,410,393,404,384,355,332,315,312,281,244,227,216,197,181,170,155,152,144,126,117,106,95,86,78,81,79,70,64,57,56,51,53,45,50,49
Ayden,79,79,79,79,79,79,79,79,79,79,79,79,79,79,79,79,79,79,79,79,79,79,79,79,79,79,79,79,79,79,79,79,79,79,79,79,79,79,79,79,79,79,79,79,79,79,79,79,79,79,79,79,79,79,79,79,79,79,79,79,79,79,79,79,79,79,79,79,79,79,79,79,79,79,79,79,79,79,79,79,79,79,79,79,79,35267,41306,10647,1979,1880,836,549,334,204,184,146,118,102,91,87,79,71,68,72,74,87,93,99,105,114,124,145
Luis,479,624,534,532,547,712,698,646,585,438,447,429,393,335,324,377,334,297,320,299,306,350,332,342,334,347,376,347,321,371,374,385,410,355,337,331,351,341,291,253,261,256,243,231,222,230,228,232,219,222,214,205,205,210,179,176,170,157,161,153,148,138,127,117,108,107,110,110,110,103,89,93,92,89,88,85,79,82,77,73,66,66,64,58,58,60,57,53,53,56,49,52,57,60,58,59,62,60,64,69,80,90,91,98,101,111,114,117,127,120,138,141
Adam,197,193,220,207,194,208,200,202,206,240,225,237,283,294,278,295,295,310,313,364,390,354,374,394,403,405,407,405,440,448,423,451,443,431,474,477,458,486,486,425,436,422,438,419,490,409,413,412,372,335,258,192,153,146,124,125,125,118,122,114,72,56,51,45,36,38,36,33,29,23,22,20,19,18,18,22,24,27,26,27,32,36,36,39,38,39,39,39,45,44,45,51,55,58,57,64,64,65,72,74,81,82,82,83,79,73,76,77,80,90,99,105
Nathaniel,139,170,169,205,192,206,199,196,197,178,167,190,183,197,181,179,177,190,199,184,183,205,179,181,177,182,186,190,189,186,177,187,195,197,184,187,190,193,181,181,184,188,191,194,209,199,210,218,239,239,250,246,236,245,243,229,242,235,243,235,219,199,196,172,155,131,114,108,94,96,87,80,75,80,80,77,78,78,81,84,86,84,79,75,78,74,69,66,60,62,61,61,62,63,68,67,69,82,77,75,82,85,84,92,94,97,104,112,117,123,127,134
Carson,2085,1765,2744,1408,822,901,826,1078,896,811,1206,876,906,932,720,821,901,851,1006,1981,968,1138,828,1226,1218,1185,886,879,1029,703,882,1221,842,820,1774,1011,780,756,776,739,944,727,812,823,790,896,1319,1124,1476,1749,1270,1167,2069,2158,1290,1733,1556,1727,1199,2449,2046,2536,2441,1419,1430,1399,1119,1129,1083,1030,1052,989,813,836,693,661,703,703,644,555,509,472,371,357,325,305,285,275,222,159,120,95,106,89,102,102,87,90,89,88,83,86,87,91,91,89,82,83,71,82,86,98
Brody,84,84,84,84,84,84,84,84,84,84,84,84,84,84,84,84,84,84,84,84,84,84,84,84,84,84,84,84,84,84,84,84,84,84,84,84,84,84,84,84,84,84,84,84,84,84,84,84,84,84,84,84,84,84,84,84,84,84,84,84,84,8880,4478,4478,5954,2558,2461,3224,12855,1720,2310,2730,2212,9737,1740,865,868,1013,1064,1239,1103,851,697,487,520,408,429,375,364,364,348,337,290,235,211,195,147,107,70,77,84,84,92,95,93,107,136,153,158,173,183,188
Tristan,85,85,85,85,85,85,85,85,85,85,85,85,85,85,85,85,85,85,85,85,85,85,85,85,85,85,85,85,85,85,85,85,85,85,85,85,85,85,85,85,85,85,85,85,85,85,85,85,85,85,85,85,16240,36455,36455,36455,8857,6185,5508,4516,3468,1774,1743,2486,2090,1656,1802,1659,1261,919,828,457,278,255,258,226,248,257,300,331,347,360,389,447,496,123,67,93,92,99,106,108,104,112,116,114,86,87,81,80,85,89,88,97,98,102,109,121,124,151,186,214
Parker,86,86,86,21297,14760,7912,50880,4312,3153,1264,8281,8281,6055,10783,3337,2194,5836,2145,3863,2335,5218,44435,19802,5937,2639,6476,7378,7378,5009,38149,2826,2965,2965,5119,36775,32878,5320,7730,6544,6544,8160,7456,37757,3491,14950,16397,16397,3782,35061,3630,3789,3669,3497,3497,7495,4018,4018,4018,1815,2625,4118,4578,7439,7439,7439,69613,7282,3807,2442,1345,1337,1358,1399,799,673,557,557,553,477,433,361,306,262,253,248,219,180,150,142,124,128,122,127,125,133,120,116,109,103,96,86,80,81,75,73,72,88,90,97,98,97,92
Blake,87,87,87,87,87,46669,46669,46669,58477,58477,3572,10115,69609,69609,11052,8567,8567,56003,56003,56003,56003,56003,20102,20102,20102,44176,41189,42174,38772,38772,38772,38222,38621,3341,37663,6592,1993,2406,2314,1709,978,885,593,617,476,506,509,523,452,417,414,367,350,357,381,391,410,389,414,358,373,398,393,397,398,344,334,303,283,287,242,162,120,110,103,101,101,105,104,97,91,86,84,83,81,78,84,81,85,84,80,77,76,79,95,100,96,88,90,89,87,74,71,76,84,96,128,150,159,183,215,211
Diego,88,88,88,88,88,88,9910,9910,9910,10074,10074,10074,26602,16478,18903,66327,4013,56318,27542,11316,11316,23045,49852,7082,12945,3830,7853,5418,9713,16882,38075,7729,3138,8511,3925,33670,3491,2410,17520,4107,2615,6118,39002,3126,2560,3791,7414,2147,1329,2358,1891,2137,1867,1581,1270,1165,1105,1341,1635,1143,1046,1058,1024,1147,838,871,1107,901,921,859,712,657,585,577,530,501,448,401,373,337,331,312,316,313,245,235,222,190,191,153,148,141,99,83,73,62,56,58,69,76,88,101,111,131,130,127,131,131,136,129,128,126
Oliver,102,112,117,125,125,120,131,128,130,129,136,137,139,139,143,152,151,159,163,164,170,184,184,205,184,201,217,215,222,218,224,224,239,240,247,248,265,289,271,289,301,304,315,319,323,342,357,384,382,433,457,454,489,462,453,498,436,493,459,482,469,433,461,430,469,472,496,465,382,435,453,454,416,415,464,497,566,445,472,481,414,446,378,371,394,415,421,386,373,362,312,307,283,247,231,211,173,140,118,98,89,79,73,53,32,19,12,10,5,3,3,3
Cole,90,90,3045,5371,4803,5724,9286,21745,10587,24699,24699,74535,26407,26407,18870,18870,18870,18870,18870,18870,18870,18870,18870,18870,18870,18870,18870,18870,18870,18870,18870,38072,17201,17201,17201,17201,17201,17201,37059,41562,41562,11849,38650,38650,2641,2221,4159,5584,1705,4226,4624,1337,1895,2995,3494,3858,3543,7565,2241,3047,1513,2133,1001,950,766,933,1036,1011,1125,937,573,547,267,216,202,206,223,238,265,277,259,163,144,130,111,119,107,72,77,75,71,74,69,69,75,80,84,84,85,82,90,96,102,115,116,116,111,116,119,122,135,132
Carlos,349,583,489,451,358,344,401,328,322,318,282,303,298,301,280,280,262,253,236,238,230,241,232,215,215,222,233,233,216,224,204,219,226,224,213,207,203,205,200,187,189,189,190,184,178,168,168,176,168,164,168,165,157,159,153,145,142,131,125,112,100,89,85,75,71,73,70,75,78,75,78,71,71,75,75,75,76,75,80,77,75,73,69,72,72,69,68,68,69,59,66,60,65,66,71,71,71,70,73,79,91,93,96,107,120,119,130,135,139,134,153,155
Jaden,92,92,92,92,92,92,92,92,92,92,92,92,92,92,92,92,92,92,92,92,92,92,92,92,92,92,92,92,92,92,92,92,92,92,92,92,92,92,92,92,92,92,92,92,92,92,92,92,92,92,92,92,92,92,92,92,92,92,92,92,92,92,92,92,92,92,92,92,92,92,92,92,92,92,48074,48074,141174,147995,38707,22672,17340,10572,2218,1773,760,640,587,503,343,203,154,114,88,82,83,89,88,74,88,100,92,102,141,143,175,203,222,235,250,270,305,316
Jesus,280,311,313,326,327,345,327,319,298,256,239,254,255,220,211,195,199,197,188,187,186,214,200,223,227,235,252,234,249,254,258,270,252,261,236,214,233,241,220,230,236,234,237,236,251,246,254,267,270,268,275,254,240,254,231,235,214,210,199,193,187,173,169,146,135,135,132,133,126,115,113,109,113,109,109,110,110,106,106,104,90,80,78,80,80,77,74,74,76,70,76,67,67,67,70,74,74,77,79,78,93,95,103,108,112,130,135,145,149,153,173,173
Alex,121,133,139,131,132,132,129,134,131,139,143,152,159,167,162,164,182,172,184,183,187,190,193,202,202,210,221,220,209,212,214,218,224,234,220,226,234,236,237,244,250,261,261,266,270,275,266,261,251,238,232,230,219,216,221,205,224,208,207,208,193,187,202,189,173,175,173,154,165,159,158,151,143,125,93,80,64,60,58,60,59,63,54,52,50,48,53,55,56,58,62,62,63,62,63,72,67,71,84,83,94,97,99,111,129,135,147,152,154,167,187,198
Aidan,95,95,95,95,95,95,95,95,95,95,95,95,95,95,95,95,95,95,95,95,95,95,95,95,95,95,95,95,95,95,95,95,95,95,95,95,95,95,95,95,95,95,95,95,95,95,95,95,95,95,95,95,95,95,95,95,95,17771,17771,17778,17778,17778,17778,67106,67106,67106,9592,9592,80047,83005,95534,97791,105598,105598,9533,3760,2975,5372,5086,2929,1449,1128,734,636,485,292,266,225,199,169,115,86,60,39,40,43,44,54,59,72,95,109,118,148,190,187,193,223,246,246,271,298
Hayden,96,3887,3122,24003,5644,1731,2331,1962,2139,3224,3235,1781,1703,1486,2098,2514,1722,10148,14847,3055,5064,19316,7075,35840,2555,9540,5980,32841,6488,6488,29984,29984,4944,5827,30406,9109,6554,10880,9239,9239,5238,30065,30065,30065,30065,30065,30065,30065,28031,4857,12798,12798,6717,13520,13520,30115,30115,30115,7671,11095,4074,3204,3204,21307,51957,17898,6468,16683,3359,5363,5535,8284,3785,3729,4439,2515,3488,1785,1765,797,398,293,252,227,179,173,169,169,160,152,129,117,97,84,87,77,73,72,76,91,96,92,110,130,140,151,169,173,181,191,181,179
Eric,1950,1891,713,703,613,659,642,504,524,525,546,587,579,632,480,488,514,513,526,501,480,467,490,412,404,362,351,359,310,281,259,205,187,168,159,157,134,122,114,104,98,93,88,90,88,86,79,60,50,46,44,38,33,31,32,25,25,23,22,21,18,18,16,13,13,13,13,17,16,17,16,17,20,20,21,21,22,21,20,21,24,25,26,29,30,33,35,35,39,39,42,44,52,56,61,66,77,83,86,95,97,106,108,119,124,138,143,144,161,177,204,222
Bryan,98,98,98,11253,6877,5757,23082,3820,2394,2069,1708,1074,1264,1577,1155,770,775,1079,757,711,933,817,823,978,960,1066,992,932,671,556,510,510,403,378,353,384,321,298,307,254,256,235,230,211,208,178,133,116,102,96,89,82,82,74,70,63,52,52,51,51,53,48,45,43,45,47,43,42,43,46,50,48,49,47,48,48,47,51,54,56,57,61,57,61,66,71,66,70,74,74,70,69,64,64,65,73,66,78,82,92,98,112,122,137,151,167,194,213,237,262,269,296
Max,124,115,104,102,102,103,107,105,107,110,113,114,120,125,127,128,137,144,128,129,144,146,144,144,126,129,134,143,141,166,167,176,173,196,195,195,208,227,239,236,246,245,247,260,271,260,271,284,290,304,316,315,342,358,363,404,372,408,415,446,393,446,441,398,419,410,434,427,405,411,382,372,415,370,324,285,249,191,202,188,172,177,175,171,193,198,212,197,159,164,166,160,166,162,166,165,160,142,126,104,99,98,106,112,113,118,119,126,137,137,150,161
Jaxon,100,100,100,100,100,100,100,100,100,100,100,100,100,100,100,100,100,100,100,100,100,100,100,100,100,100,100,100,100,100,100,100,100,100,100,100,100,100,100,100,100,100,100,100,100,100,100,100,100,100,100,100,100,100,100,100,100,100,100,100,100,100,100,100,100,100,100,100,100,100,100,100,100,100,100,100,100,100,100,100,100,18753,21826,7627,4544,3287,2802,1477,851,619,513,411,325,294,270,231,214,191,154,124,100,88,66,46,46,44,41,44,40,42,49,55
